{
  "all_pairs": {
    "djs": {
      "hz": 28.593142301726132,
      "rme": 1.180758172734131,
      "samples": 50
    },
    "mobx": {
      "hz": 12.62748924653749,
      "rme": 2.262526889545317,
      "samples": 35
    }
  },
  "fan_out": {
    "djs": {
      "hz": 8.544596709704669,
      "rme": 3.764774954702557,
      "samples": 25
    },
    "mobx": {
      "hz": 1.8122048349477604,
      "rme": 3.786622751493344,
      "samples": 9
    }
  },
  "many_atoms": {
    "djs": {
      "hz": 34.929506191869294,
      "rme": 1.1063180893328763,
      "samples": 60
    },
    "mobx": {
      "hz": 21.480881151032413,
      "rme": 1.333808650079963,
      "samples": 39
    }
  },
  "single_atom": {
    "djs": {
      "hz": 31.85491162251074,
      "rme": 0.798653380697505,
      "samples": 55
    },
    "mobx": {
      "hz": 3.380444762210181,
      "rme": 1.5991449011762933,
      "samples": 13
    }
  },
  "waterfall": {
    "djs": {
      "hz": 16.099004463395563,
      "rme": 2.093300226329005,
      "samples": 44
    },
    "mobx": {
      "hz": 2.6887085303804197,
      "rme": 3.0539632128946224,
      "samples": 11
    }
  }
}