{
  "all_pairs": {
    "djs": {
      "hz": 21.663248092100638,
      "rme": 3.1050388614141102,
      "samples": 38
    },
    "mobx": {
      "hz": 10.415104636034389,
      "rme": 1.8888487207667246,
      "samples": 30
    }
  },
  "fan_out": {
    "djs": {
      "hz": 11.646573213022455,
      "rme": 4.843936221958598,
      "samples": 32
    },
    "mobx": {
      "hz": 1.7262311831079007,
      "rme": 1.8259736159693352,
      "samples": 9
    }
  },
  "many_atoms": {
    "djs": {
      "hz": 28.703997590646146,
      "rme": 5.29209053762993,
      "samples": 50
    },
    "mobx": {
      "hz": 17.67195967786818,
      "rme": 4.778059503402093,
      "samples": 33
    }
  },
  "single_atom": {
    "djs": {
      "hz": 28.934661768815904,
      "rme": 1.2758991370365935,
      "samples": 51
    },
    "mobx": {
      "hz": 3.5656462931182515,
      "rme": 0.7876732207328905,
      "samples": 13
    }
  },
  "waterfall": {
    "djs": {
      "hz": 18.4794530476619,
      "rme": 1.920545106895204,
      "samples": 35
    },
    "mobx": {
      "hz": 2.5022600936365564,
      "rme": 2.0112009768867876,
      "samples": 11
    }
  }
}