{
  "all_pairs": {
    "djs": {
      "hz": 27.09251130162451,
      "rme": 1.2422689094981363,
      "samples": 47
    },
    "mobx": {
      "hz": 12.039755313120738,
      "rme": 2.3653482841889453,
      "samples": 34
    }
  },
  "fan_out": {
    "djs": {
      "hz": 7.764417122131258,
      "rme": 4.4403888236352795,
      "samples": 23
    },
    "mobx": {
      "hz": 1.6936114340132378,
      "rme": 3.0432000449268672,
      "samples": 9
    }
  },
  "many_atoms": {
    "djs": {
      "hz": 33.1297452558741,
      "rme": 1.0689609018041124,
      "samples": 57
    },
    "mobx": {
      "hz": 20.2599068543445,
      "rme": 2.2048672227992885,
      "samples": 37
    }
  },
  "single_atom": {
    "djs": {
      "hz": 29.91935709101363,
      "rme": 0.9675964272219952,
      "samples": 52
    },
    "mobx": {
      "hz": 3.398809380289195,
      "rme": 1.2825481669624086,
      "samples": 13
    }
  },
  "waterfall": {
    "djs": {
      "hz": 14.663599088660837,
      "rme": 4.316947785473781,
      "samples": 40
    },
    "mobx": {
      "hz": 2.511554809751029,
      "rme": 1.989503240920532,
      "samples": 11
    }
  }
}