{
  "all_pairs": {
    "djs": {
      "hz": 23.329235170835332,
      "rme": 5.139300279358734,
      "samples": 42
    },
    "mobx": {
      "hz": 20.161756029674617,
      "rme": 9.519040687233975,
      "samples": 40
    },
    "s": {
      "hz": 12.949194746968802,
      "rme": 3.9628235271513734,
      "samples": 36
    }
  },
  "fan_out": {
    "djs": {
      "hz": 2.9515524020309365,
      "rme": 9.007185136851865,
      "samples": 12
    },
    "mobx": {
      "hz": 4.480957366220161,
      "rme": 5.526119661739351,
      "samples": 16
    },
    "s": {
      "hz": 32.30267526850888,
      "rme": 3.849298806201103,
      "samples": 44
    }
  },
  "many_atoms": {
    "djs": {
      "hz": 39.551516326685906,
      "rme": 1.5696587864441331,
      "samples": 53
    },
    "mobx": {
      "hz": 26.297220477710145,
      "rme": 1.9636966411820969,
      "samples": 47
    },
    "s": {
      "hz": 21.347110432908906,
      "rme": 2.2993178158955847,
      "samples": 39
    }
  },
  "single_atom": {
    "djs": {
      "hz": 104.78059804383238,
      "rme": 0.5194058791225616,
      "samples": 76
    },
    "mobx": {
      "hz": 4.717643019338226,
      "rme": 2.498165318762352,
      "samples": 16
    },
    "s": {
      "hz": 76.57459554005035,
      "rme": 2.172949230203329,
      "samples": 65
    }
  },
  "waterfall": {
    "djs": {
      "hz": 10.619811066319105,
      "rme": 4.673745467714663,
      "samples": 31
    },
    "mobx": {
      "hz": 7.086785079649039,
      "rme": 4.3536772605938925,
      "samples": 22
    },
    "s": {
      "hz": 52.6638492691589,
      "rme": 3.6274318664631218,
      "samples": 67
    }
  }
}