{
  "many_atoms": {
    "djs": {
      "hz": 34.21931634391333,
      "rme": 1.2355719484195034,
      "samples": 59
    },
    "mobx": {
      "hz": 16.79787219120463,
      "rme": 4.910239043272338,
      "samples": 31
    }
  },
  "single_atom": {
    "djs": {
      "hz": 30.424849146285926,
      "rme": 0.9582686702671185,
      "samples": 53
    },
    "mobx": {
      "hz": 3.6388278628793294,
      "rme": 1.3210936746006565,
      "samples": 14
    }
  },
  "waterfall": {
    "djs": {
      "hz": 20.371279619404323,
      "rme": 2.100857620539421,
      "samples": 38
    },
    "mobx": {
      "hz": 2.3794316165229064,
      "rme": 2.052961810243989,
      "samples": 10
    }
  }
}