{
  "all_pairs": {
    "djs": {
      "hz": 28.578995170686238,
      "rme": 1.4855833827047762,
      "samples": 50
    },
    "mobx": {
      "hz": 9.984206317980071,
      "rme": 1.6389788428023162,
      "samples": 29
    }
  },
  "fan_out": {
    "djs": {
      "hz": 13.295980516027024,
      "rme": 3.1611401627064293,
      "samples": 37
    },
    "mobx": {
      "hz": 1.7021539469478966,
      "rme": 2.587852083423174,
      "samples": 9
    }
  },
  "many_atoms": {
    "djs": {
      "hz": 34.31877245403845,
      "rme": 0.881647606145405,
      "samples": 59
    },
    "mobx": {
      "hz": 16.273329171443862,
      "rme": 4.373048730430376,
      "samples": 30
    }
  },
  "single_atom": {
    "djs": {
      "hz": 28.539675149465026,
      "rme": 0.8017508762949769,
      "samples": 50
    },
    "mobx": {
      "hz": 3.63396022851319,
      "rme": 1.015473668140065,
      "samples": 14
    }
  },
  "waterfall": {
    "djs": {
      "hz": 20.07928492335066,
      "rme": 1.7905186822191488,
      "samples": 37
    },
    "mobx": {
      "hz": 2.4366745051140613,
      "rme": 1.0764842505949492,
      "samples": 11
    }
  }
}