{
  "all_pairs": {
    "djs": {
      "hz": 27.999102524767416,
      "rme": 0.8617929296916589,
      "samples": 49
    },
    "mobx": {
      "hz": 10.150487792856424,
      "rme": 1.6575836128963104,
      "samples": 29
    }
  },
  "fan_out": {
    "djs": {
      "hz": 11.945692343094635,
      "rme": 5.622176539140381,
      "samples": 34
    },
    "mobx": {
      "hz": 1.6425167232101041,
      "rme": 3.3852318468827614,
      "samples": 9
    }
  },
  "many_atoms": {
    "djs": {
      "hz": 33.46979752704349,
      "rme": 1.007345085010181,
      "samples": 57
    },
    "mobx": {
      "hz": 16.467149505765093,
      "rme": 4.678847361472779,
      "samples": 31
    }
  },
  "single_atom": {
    "djs": {
      "hz": 29.178291476779563,
      "rme": 0.9489739716312809,
      "samples": 51
    },
    "mobx": {
      "hz": 3.519917114161491,
      "rme": 2.348657697650042,
      "samples": 13
    }
  },
  "waterfall": {
    "djs": {
      "hz": 20.163540833912432,
      "rme": 2.4279031957663735,
      "samples": 37
    },
    "mobx": {
      "hz": 2.406810075234301,
      "rme": 2.1663770406929115,
      "samples": 11
    }
  }
}