{
  "all_pairs": {
    "djs": {
      "hz": 27.744183904132605,
      "rme": 1.0600164326140291,
      "samples": 49
    },
    "mobx": {
      "hz": 10.39514533739602,
      "rme": 1.9824055575512252,
      "samples": 30
    }
  },
  "fan_out": {
    "djs": {
      "hz": 13.251762844942144,
      "rme": 3.3113368112167514,
      "samples": 37
    },
    "mobx": {
      "hz": 1.6684250652611832,
      "rme": 2.529914480326131,
      "samples": 9
    }
  },
  "many_atoms": {
    "djs": {
      "hz": 32.7430501179374,
      "rme": 0.8028512544445884,
      "samples": 57
    },
    "mobx": {
      "hz": 16.1898575659963,
      "rme": 5.061387758166483,
      "samples": 30
    }
  },
  "single_atom": {
    "djs": {
      "hz": 28.10293348163943,
      "rme": 1.037761274224553,
      "samples": 49
    },
    "mobx": {
      "hz": 3.1993158190603115,
      "rme": 1.3585515808984745,
      "samples": 12
    }
  },
  "waterfall": {
    "djs": {
      "hz": 18.696727704219388,
      "rme": 2.861171345814292,
      "samples": 35
    },
    "mobx": {
      "hz": 2.2810043261683157,
      "rme": 2.0045530492382198,
      "samples": 10
    }
  }
}