{
  "all_pairs": {
    "djs": {
      "hz": 27.541711291303695,
      "rme": 0.951013743082695,
      "samples": 48
    },
    "mobx": {
      "hz": 12.933923960396145,
      "rme": 2.6100173138465887,
      "samples": 36
    }
  },
  "fan_out": {
    "djs": {
      "hz": 8.741669717882042,
      "rme": 3.4181520753010473,
      "samples": 26
    },
    "mobx": {
      "hz": 1.8979694212688822,
      "rme": 1.1521826483554156,
      "samples": 9
    }
  },
  "many_atoms": {
    "djs": {
      "hz": 35.71440616676624,
      "rme": 0.7344108067927384,
      "samples": 61
    },
    "mobx": {
      "hz": 22.91171914053785,
      "rme": 1.1687179036762085,
      "samples": 41
    }
  },
  "single_atom": {
    "djs": {
      "hz": 32.506529484994736,
      "rme": 0.9597163372669995,
      "samples": 56
    },
    "mobx": {
      "hz": 3.588584450069529,
      "rme": 1.2796136326606058,
      "samples": 13
    }
  },
  "waterfall": {
    "djs": {
      "hz": 16.9351023522474,
      "rme": 1.7037288718178116,
      "samples": 45
    },
    "mobx": {
      "hz": 2.8186663719788556,
      "rme": 2.427209361832412,
      "samples": 12
    }
  }
}