{
  "all_pairs": {
    "djs": {
      "hz": 28.50690822630866,
      "rme": 0.9172235837358387,
      "samples": 50
    },
    "mobx": {
      "hz": 12.252063199605713,
      "rme": 2.579321054641011,
      "samples": 34
    }
  },
  "fan_out": {
    "djs": {
      "hz": 8.133674202605285,
      "rme": 4.675433661584887,
      "samples": 25
    },
    "mobx": {
      "hz": 1.7707418639612902,
      "rme": 2.1270909035647523,
      "samples": 9
    }
  },
  "many_atoms": {
    "djs": {
      "hz": 33.63767547987277,
      "rme": 1.1269083103738726,
      "samples": 58
    },
    "mobx": {
      "hz": 21.181561307627472,
      "rme": 1.8285392340565785,
      "samples": 38
    }
  },
  "single_atom": {
    "djs": {
      "hz": 28.697716348744578,
      "rme": 0.9778896186295356,
      "samples": 50
    },
    "mobx": {
      "hz": 3.2795944461782525,
      "rme": 0.9244003607904777,
      "samples": 13
    }
  },
  "waterfall": {
    "djs": {
      "hz": 15.110866473963563,
      "rme": 1.841580469290398,
      "samples": 41
    },
    "mobx": {
      "hz": 2.4664561537071585,
      "rme": 1.6901289386896619,
      "samples": 11
    }
  }
}