{
  "all_pairs": {
    "djs": {
      "hz": 29.006003313640708,
      "rme": 1.0739894240280212,
      "samples": 51
    },
    "mobx": {
      "hz": 9.808097242396924,
      "rme": 1.8878451705327481,
      "samples": 28
    }
  },
  "fan_out": {
    "djs": {
      "hz": 13.407755600485554,
      "rme": 3.35664301867149,
      "samples": 37
    },
    "mobx": {
      "hz": 1.7819350987126579,
      "rme": 2.4019993769849854,
      "samples": 9
    }
  },
  "many_atoms": {
    "djs": {
      "hz": 34.84797354467301,
      "rme": 1.050471253634147,
      "samples": 60
    },
    "mobx": {
      "hz": 16.869291907937775,
      "rme": 5.8779165576263415,
      "samples": 31
    }
  },
  "single_atom": {
    "djs": {
      "hz": 29.21640105993976,
      "rme": 0.8210535340815651,
      "samples": 51
    },
    "mobx": {
      "hz": 3.530679822902371,
      "rme": 1.3046856563137446,
      "samples": 13
    }
  },
  "waterfall": {
    "djs": {
      "hz": 20.01574006964017,
      "rme": 1.6738882310977155,
      "samples": 37
    },
    "mobx": {
      "hz": 2.5361670786403403,
      "rme": 1.538879465497033,
      "samples": 11
    }
  }
}